[ID],[TableID],[ExplicitName],[InferredName],[ExplicitDataType],[InferredDataType],[DataCategory],[Description],[IsHidden],[State],[IsUnique],[IsKey],[IsNullable],[Alignment],[TableDetailPosition],[IsDefaultLabel],[IsDefaultImage],[SummarizeBy],[ColumnStorageID],[Type],[SourceColumn],[ColumnOriginID],[Expression],[FormatString],[IsAvailableInMDX],[SortByColumnID],[AttributeHierarchyID],[ModifiedTime],[StructureModifiedTime],[RefreshedTime],[SystemFlags],[KeepUniqueRows],[DisplayOrdinal],[ErrorMessage],[SourceProviderType],[DisplayFolder],[EncodingHint],[RelatedColumnDetailsID],[AlternateOfID],[LineageTag],[SourceLineageTag]
2133,2132,RowNumber-2662979B-1795-4F74-8F37-6A1BA8059B61,,6,19,,,True,1,True,True,False,1,-1,False,False,1,2409,3,,,,,True,,2134,20/04/2026 17:07:37,20/04/2026 17:07:37,31/12/1699 00:00:00,0,False,0,,,,0,,,,
2157,2132,id_manifestacao,,6,19,,Identificador numérico interno gerado pelo sistema. Utilizado como referência técnica complementar ao protocolo.,False,1,False,False,True,1,-1,False,False,3,2433,1,id_manifestacao,,,0,True,,2332,21/04/2026 22:39:48,20/04/2026 17:07:37,31/12/1699 00:00:00,0,False,0,,,,0,,,03eb4533-8d74-40ac-aadd-314662a507b2,
2158,2132,protocolo,,2,19,,[Papel: Chave] Identificador único de negócio da manifestação no SGOe. Chave primária lógica da tabela f_relatorio e destino dos relacionamentos com f_pesquisa[protocolo] e f_insatisfatorias[protocolo].,False,1,False,False,True,1,-1,False,False,2,2437,1,protocolo,,,,True,,2333,01/05/2026 18:20:14,20/04/2026 17:07:37,31/12/1699 00:00:00,0,False,0,,,,0,,,e5abad0c-f3ae-4f21-9778-ce1af5d7cb3f,
2159,2132,data_manifestacao,,9,19,,Data e hora em que a manifestação foi registrada no sistema. Ponto de partida para cálculo do TMR e dias de vida.,False,1,False,False,True,1,-1,False,False,2,2441,1,data_manifestacao,,,General Date,True,,2334,20/04/2026 21:04:10,21/04/2026 22:39:45,31/12/1699 00:00:00,0,False,0,,,,0,,,78a00d6b-61f3-4a9b-965c-f45cc0c11a1d,
2174,2132,data_finalizacao,,9,19,,Data e hora em que a manifestação foi encerrada pelo órgão. Usada para determinar manifestações finalizadas.,False,1,False,False,True,1,-1,False,False,2,2501,1,data_finalizacao,,,General Date,True,,2349,20/04/2026 21:04:26,21/04/2026 22:53:41,31/12/1699 00:00:00,0,False,0,,,,0,,,91a81071-d137-4b82-ad64-f34549c2d9bc,
2182,2132,data_revisao,,9,19,,Data da última revisão ou atualização de status da manifestação pelo órgão ou pela ouvidoria.,False,1,False,False,True,1,-1,False,False,2,2533,1,data_revisao,,,General Date,True,,2357,20/04/2026 21:04:26,21/04/2026 22:53:45,31/12/1699 00:00:00,0,False,0,,,,0,,,dd2b0adb-e183-4a06-aecf-46e2d8356077,
2190,2132,sigla,,2,19,,[Papel: Chave/Atributo] Sigla do órgão responsável pelo tratamento da manifestação. Relaciona f_relatorio à dimensão dOrgao_igro e serve como principal eixo institucional do IGRO.,False,1,False,False,True,1,-1,False,False,2,2565,1,sigla,,,,True,,2365,01/05/2026 18:20:14,20/04/2026 17:07:37,31/12/1699 00:00:00,0,False,0,,,,0,,,f7596e7a-ca40-425b-88d5-3d149affd423,
2191,2132,suborgao,,2,19,,Subdivisão ou unidade interna do órgão à qual a manifestação foi encaminhada.,False,1,False,False,True,1,-1,False,False,2,2569,1,suborgao,,,,True,,2366,20/04/2026 21:04:10,20/04/2026 17:07:37,31/12/1699 00:00:00,0,False,0,,,,0,,,a573378a-887c-4df4-b08c-3bd3768504b0,
2192,2132,sigilo,,2,19,,"Indica se a manifestação possui caráter sigiloso, restringindo a visibilidade de dados ao cidadão e ao público.",False,1,False,False,True,1,-1,False,False,2,2573,1,sigilo,,,,True,,2367,20/04/2026 21:04:26,20/04/2026 17:07:37,31/12/1699 00:00:00,0,False,0,,,,0,,,66275ff4-4ae2-4614-89d6-8b47528b7e88,
2193,2132,prazo_interno,,6,19,,Prazo em dias definido internamente pelo órgão para tratamento da manifestação.,False,1,False,False,True,1,-1,False,False,3,2577,1,prazo_interno,,,0,True,,2368,20/04/2026 21:04:26,20/04/2026 17:07:37,31/12/1699 00:00:00,0,False,0,,,,0,,,672f62a4-c5fe-413d-ad02-01873363c62d,
2194,2132,prazo_externo,,6,19,,Prazo em dias estabelecido pela normativa externa (INs da CGE) para resposta ao cidadão.,False,1,False,False,True,1,-1,False,False,3,2581,1,prazo_externo,,,0,True,,2369,20/04/2026 21:04:26,20/04/2026 17:07:37,31/12/1699 00:00:00,0,False,0,,,,0,,,15d52d3c-0053-4034-97ac-553f5ce46420,
2195,2132,dias_vida,,6,19,,[Papel: Métrica de linha] Número de dias corridos desde o registro até a finalização ou até a data de extração. Base do TMR e de indicadores de manifestações com mais de 30 dias.,False,1,False,False,True,1,-1,False,False,3,2585,1,dias_vida,,,0,True,,2370,01/05/2026 18:20:14,20/04/2026 17:07:37,31/12/1699 00:00:00,0,False,0,,,,0,,,2e697d72-2643-428f-8016-ffe0b8bbd55f,
2196,2132,dias_reativacao,,6,19,,Quantidade de dias decorridos após uma reativação da manifestação pelo cidadão ou pela ouvidoria.,False,1,False,False,True,1,-1,False,False,3,2589,1,dias_reativacao,,,0,True,,2371,20/04/2026 21:04:26,20/04/2026 17:07:37,31/12/1699 00:00:00,0,False,0,,,,0,,,2c1fde29-255f-451c-93c2-4e845b44743f,
2197,2132,dias_atraso,,2,19,,Indicação de atraso em relação ao prazo definido. Armazenado como texto nesta tabela — diverge do tipo Int64 em f_insatisfatorias.,False,1,False,False,True,1,-1,False,False,2,2593,1,dias_atraso,,,,True,,2372,20/04/2026 21:04:26,20/04/2026 17:07:37,31/12/1699 00:00:00,0,False,0,,,,0,,,6c7ed44e-ec27-4dfd-8221-c4455c88f88f,
2198,2132,tipo_manifestacao,,2,19,,"Classificação da manifestação conforme a Lei 13.460/2017: Reclamação, Denúncia, Solicitação, Sugestão, Elogio, LAI ou LGPD.",False,1,False,False,True,1,-1,False,False,2,2597,1,tipo_manifestacao,,,,True,,2373,20/04/2026 21:04:10,20/04/2026 17:07:37,31/12/1699 00:00:00,0,False,0,,,,0,,,c8982c69-578c-444b-ba2a-a28b458cf3cb,
2199,2132,municipio,,2,19,,Município de origem da manifestação ou ao qual o objeto da demanda se refere.,False,1,False,False,True,1,-1,False,False,2,2601,1,municipio,,,,True,,2374,20/04/2026 21:04:10,20/04/2026 17:07:37,31/12/1699 00:00:00,0,False,0,,,,0,,,e52d34a0-ef29-49de-a4a3-52e6e8609638,
2200,2132,tipificacao,,2,19,,"Assunto principal da manifestação, conforme classificação temática do SGOe. Base para análise de ranking de assuntos.",False,1,False,False,True,1,-1,False,False,2,2605,1,tipificacao,,,,True,,2375,20/04/2026 21:04:10,20/04/2026 17:07:37,31/12/1699 00:00:00,0,False,0,,,,0,,,ce01adc4-ce17-4633-9e3e-c593a14de45e,
2201,2132,sub_tipificacao,,2,19,,Detalhamento do assunto dentro da tipificação principal. Permite análise de segundo nível dos temas mais recorrentes.,False,1,False,False,True,1,-1,False,False,2,2609,1,sub_tipificacao,,,,True,,2376,20/04/2026 21:04:10,20/04/2026 17:07:37,31/12/1699 00:00:00,0,False,0,,,,0,,,fefb7c8d-ba3f-49d4-9fd3-9b4b2cce81df,
2202,2132,area_tecnica,,2,19,,Área técnica interna do órgão responsável pelo tratamento da demanda encaminhada.,False,1,False,False,True,1,-1,False,False,2,2613,1,area_tecnica,,,,True,,2377,20/04/2026 21:04:10,20/04/2026 17:07:37,31/12/1699 00:00:00,0,False,0,,,,0,,,7fdcd689-ed4a-4384-9089-af96cf1baef6,
2203,2132,registro,,2,19,,"Canal de entrada da manifestação: Expresso (web), Webservice, Sistema E-mail, Sistema Telefone ou Sistema Presencial.",False,1,False,False,True,1,-1,False,False,2,2617,1,registro,,,,True,,2378,20/04/2026 21:04:10,20/04/2026 17:07:37,31/12/1699 00:00:00,0,False,0,,,,0,,,75f4c34e-5fb6-4e69-a7e3-93b210cfd960,
2204,2132,ds_status,,2,19,,"Status atual da manifestação no fluxo do SGOe: Aberta, Respondida ou Fechada.",False,1,False,False,True,1,-1,False,False,2,2621,1,ds_status,,,,True,,2379,20/04/2026 21:04:10,20/04/2026 17:07:37,31/12/1699 00:00:00,0,False,0,,,,0,,,e19cd58f-b4f6-4145-9c38-9119d9cf2229,
2205,2132,publicacao,,6,19,,"Flag numérico indicando se a manifestação foi publicada no portal de transparência (1 = publicada, 0 = não publicada).",False,1,False,False,True,1,-1,False,False,3,2625,1,publicacao,,,0,True,,2380,20/04/2026 21:04:26,20/04/2026 17:07:37,31/12/1699 00:00:00,0,False,0,,,,0,,,313b8435-d923-4779-ad48-e0ac2a7a2b86,
2206,2132,procedente,,2,19,,"Resultado da análise de mérito pelo órgão: Sim, Não ou Em análise. Base do indicador ind_pct_procedencia.",False,1,False,False,True,1,-1,False,False,2,2629,1,procedente,,,,True,,2381,20/04/2026 21:04:26,20/04/2026 17:07:37,31/12/1699 00:00:00,0,False,0,,,,0,,,1370d473-0ac9-4a33-bcd0-e147940f770c,
2207,2132,recurso,,2,19,,"Instância de recurso interposto pelo cidadão (1, 2 ou 3). Vazio quando não há recurso. Base do indicador ind_pct_recurso.",False,1,False,False,True,1,-1,False,False,2,2633,1,recurso,,,,True,,2382,20/04/2026 21:04:26,20/04/2026 17:07:37,31/12/1699 00:00:00,0,False,0,,,,0,,,dc41565f-1d1e-4d9d-b0e7-3e0810c0265c,
2208,2132,nm_sei,,2,19,,"Número do processo no sistema SEI vinculado à manifestação, quando houver tramitação documental associada.",False,1,False,False,True,1,-1,False,False,2,2637,1,nm_sei,,,,True,,2383,20/04/2026 21:04:26,20/04/2026 17:07:37,31/12/1699 00:00:00,0,False,0,,,,0,,,6d1a7d1d-e580-4614-afca-1ea31b2f3c9e,
2136,2135,RowNumber-2662979B-1795-4F74-8F37-6A1BA8059B61,,6,19,,,True,1,True,True,False,1,-1,False,False,1,2413,3,,,,,True,,2137,20/04/2026 17:07:37,20/04/2026 17:07:37,31/12/1699 00:00:00,2,False,0,,,,0,,,,
2160,2135,,Date,9,9,PaddedDateTableDates,,True,1,False,False,True,1,-1,False,False,2,2445,4,[Date],,,General Date,True,,2335,20/04/2026 17:07:37,20/04/2026 17:07:37,31/12/1699 00:00:00,2,False,0,,,,0,,,fb8b0d2f-a2ae-4326-8119-9e72b6302914,
2161,2135,Ano,,6,6,Years,,True,1,False,False,True,1,-1,False,False,2,2449,2,,,YEAR([Date]),0,True,,2336,20/04/2026 17:07:37,20/04/2026 17:07:37,29/04/2026 00:57:41,2,False,0,,,,0,,,a7cdd659-4112-46df-b03f-9b6fbf586a63,
2162,2135,MonthNo,,6,6,MonthOfYear,,True,1,False,False,True,1,-1,False,False,2,2453,2,,,MONTH([Date]),0,True,,2337,20/04/2026 17:07:37,20/04/2026 17:07:37,29/04/2026 00:57:41,2,False,0,,,,0,,,648c158f-553e-4ce7-8f6a-99b09ea28164,
2163,2135,Mês,,2,2,Months,,True,1,False,False,True,1,-1,False,False,2,2457,2,,,"FORMAT([Date], ""MMMM"")",,True,2162,2338,20/04/2026 17:07:37,20/04/2026 17:07:37,29/04/2026 00:57:41,2,False,0,,,,0,,,35d5b55c-5074-49e0-9643-15f42f0c1657,
2164,2135,QuarterNo,,6,6,QuarterOfYear,,True,1,False,False,True,1,-1,False,False,2,2461,2,,,INT(([MonthNo] + 2) / 3),0,True,,2339,20/04/2026 17:07:37,20/04/2026 17:07:37,29/04/2026 00:57:41,2,False,0,,,,0,,,b27b3f1c-7a60-423a-bcfc-14e2e6f9beb2,
2165,2135,Trimestre,,2,2,Quarters,,True,1,False,False,True,1,-1,False,False,2,2465,2,,,"""Qtr "" & [QuarterNo]",,True,2164,2340,20/04/2026 17:07:37,20/04/2026 17:07:37,29/04/2026 00:57:41,2,False,0,,,,0,,,28c2e035-f01b-4a69-a89d-3c536c51fc1b,
2166,2135,Dia,,6,6,DayOfMonth,,True,1,False,False,True,1,-1,False,False,2,2469,2,,,DAY([Date]),0,True,,2341,20/04/2026 17:07:37,20/04/2026 17:07:37,29/04/2026 00:57:41,2,False,0,,,,0,,,4c8f7985-96ec-4591-a229-9443a17039f5,
4253,4252,RowNumber-2662979B-1795-4F74-8F37-6A1BA8059B61,,6,19,,,True,1,True,True,False,1,-1,False,False,1,4354,3,,,,,True,,4254,20/04/2026 17:08:43,20/04/2026 17:08:43,31/12/1699 00:00:00,0,False,0,,,,0,,,,
4266,4252,protocolo,,2,19,,[Papel: Chave estrangeira] Protocolo da manifestação avaliada na pesquisa. Relaciona f_pesquisa à tabela central f_relatorio.,False,1,False,False,True,1,-1,False,False,2,4366,1,protocolo,,,,True,,4327,01/05/2026 18:20:14,20/04/2026 17:08:43,31/12/1699 00:00:00,0,False,0,,,,0,,,21c4070b-81a8-409c-a0af-fba9a633fa24,
4267,4252,data_manifestacao,,9,19,,Data original de registro da manifestação avaliada. Permite análise temporal da satisfação.,False,1,False,False,True,1,-1,False,False,2,4370,1,data_manifestacao,,,General Date,True,,4328,20/04/2026 21:04:38,20/04/2026 17:48:40,31/12/1699 00:00:00,0,False,0,,,,0,,,e76302cd-14aa-48df-95ea-de01fd143172,
4268,4252,sigla,,2,19,,Sigla do órgão responsável pela manifestação avaliada na pesquisa.,False,1,False,False,True,1,-1,False,False,2,4374,1,sigla,,,,True,,4329,20/04/2026 21:04:38,20/04/2026 17:08:43,31/12/1699 00:00:00,0,False,0,,,,0,,,42ecc3c0-b1a8-48b7-9fc5-b52a0a680004,
4269,4252,nome,,2,19,,"Nome do cidadão respondente, quando informado. Campo sensível — verificar conformidade com LGPD antes de expor em visuais.",False,1,False,False,True,1,-1,False,False,2,4378,1,nome,,,,True,,4330,20/04/2026 21:04:38,20/04/2026 17:08:43,31/12/1699 00:00:00,0,False,0,,,,0,,,7cd081f4-2e04-42c6-bd8a-16663bad0fde,
4270,4252,suborgao,,2,19,,"Subdivisão do órgão responsável, permitindo análise de satisfação em nível mais granular.",False,1,False,False,True,1,-1,False,False,2,4382,1,suborgao,,,,True,,4331,20/04/2026 21:04:38,20/04/2026 17:08:43,31/12/1699 00:00:00,0,False,0,,,,0,,,bbea35dd-196c-4c41-a395-1e2ddd05e71e,
4271,4252,tipo_manifestacao,,2,19,,"Tipo da manifestação avaliada, permitindo cruzar satisfação por categoria (Reclamação, Solicitação etc.).",False,1,False,False,True,1,-1,False,False,2,4386,1,tipo_manifestacao,,,,True,,4332,20/04/2026 21:04:38,20/04/2026 17:08:43,31/12/1699 00:00:00,0,False,0,,,,0,,,e7bc9c82-b0b5-4937-a33a-639647181e08,
4272,4252,finalizacao,,2,19,,"[Papel: Métrica categórica] Resposta do cidadão sobre resolução da demanda: Sim, Não ou Parcialmente. Base do cálculo de resolutividade do IGRO.",False,1,False,False,True,1,-1,False,False,2,4390,1,finalizacao,,,,True,,4333,01/05/2026 18:20:14,20/04/2026 17:08:43,31/12/1699 00:00:00,0,False,0,,,,0,,,35e45ccc-4456-4b00-baa0-817eb68c31ef,
4273,4252,recomendaria,,6,19,,"[Papel: Métrica] Nota de 1 a 10 sobre recomendação do serviço de ouvidoria. Base da nota média de recomendação, do NPS e do KRI 5 do IGRO.",False,1,False,False,True,1,-1,False,False,3,4394,1,recomendaria,,,0,True,,4334,01/05/2026 18:20:14,20/04/2026 17:08:43,31/12/1699 00:00:00,0,False,0,,,,0,,,228a8134-796d-4663-b6bc-aa2454439fb8,
4274,4252,motivo,,2,19,,Justificativa textual fornecida pelo cidadão para a nota atribuída. Campo qualitativo com potencial para análise de NLP.,False,1,False,False,True,1,-1,False,False,2,4398,1,motivo,,,,True,,4335,20/04/2026 21:04:38,20/04/2026 17:08:43,31/12/1699 00:00:00,0,False,0,,,,0,,,52c5abd9-4e4b-4556-9506-0931f0ec0b08,
4275,4252,data_resposta_pesquisa,,9,19,,Data em que o cidadão respondeu à pesquisa. Permite calcular o tempo de resposta pós-finalização.,False,1,False,False,True,1,-1,False,False,2,4402,1,data_resposta_pesquisa,,,General Date,True,,4336,20/04/2026 21:04:38,20/04/2026 17:08:43,31/12/1699 00:00:00,0,False,0,,,,0,,,d007e7e7-a1e5-4f8f-b40e-89b87ea82fd4,
4256,4255,RowNumber-2662979B-1795-4F74-8F37-6A1BA8059B61,,6,19,,,True,1,True,True,False,1,-1,False,False,1,4358,3,,,,,True,,4257,29/04/2026 00:57:45,20/04/2026 17:08:43,31/12/1699 00:00:00,2,False,0,,,,0,,,,
4276,4255,,Date,9,9,PaddedDateTableDates,,True,1,False,False,True,1,-1,False,False,2,4406,4,[Date],,,General Date,True,,4337,29/04/2026 00:57:45,20/04/2026 17:08:43,31/12/1699 00:00:00,2,False,0,,,,0,,,3d23c6ea-8851-439c-b096-543839b453f7,
4277,4255,Ano,,6,6,Years,,True,1,False,False,True,1,-1,False,False,2,4410,2,,,YEAR([Date]),0,True,,4338,29/04/2026 00:57:45,20/04/2026 17:08:43,29/04/2026 00:57:45,2,False,0,,,,0,,,dc201c24-c928-4f23-8117-b9665a9a338b,
4278,4255,MonthNo,,6,6,MonthOfYear,,True,1,False,False,True,1,-1,False,False,2,4414,2,,,MONTH([Date]),0,True,,4339,29/04/2026 00:57:45,20/04/2026 17:08:43,29/04/2026 00:57:45,2,False,0,,,,0,,,dc7eeb0b-298c-4fc8-a373-36a0064473cc,
4279,4255,Mês,,2,2,Months,,True,1,False,False,True,1,-1,False,False,2,4418,2,,,"FORMAT([Date], ""MMMM"")",,True,4278,4340,29/04/2026 00:57:45,20/04/2026 17:08:43,29/04/2026 00:57:45,2,False,0,,,,0,,,64fd6884-5be4-4494-9e6c-fbb19707001f,
4280,4255,QuarterNo,,6,6,QuarterOfYear,,True,1,False,False,True,1,-1,False,False,2,4422,2,,,INT(([MonthNo] + 2) / 3),0,True,,4341,29/04/2026 00:57:45,20/04/2026 17:08:43,29/04/2026 00:57:45,2,False,0,,,,0,,,7dad0be0-7566-42ef-afc0-7d9c0893d0bc,
4281,4255,Trimestre,,2,2,Quarters,,True,1,False,False,True,1,-1,False,False,2,4426,2,,,"""Qtr "" & [QuarterNo]",,True,4280,4342,29/04/2026 00:57:45,20/04/2026 17:08:43,29/04/2026 00:57:45,2,False,0,,,,0,,,963e157f-f597-40a7-91d5-9f5498263622,
4282,4255,Dia,,6,6,DayOfMonth,,True,1,False,False,True,1,-1,False,False,2,4430,2,,,DAY([Date]),0,True,,4343,29/04/2026 00:57:45,20/04/2026 17:08:43,29/04/2026 00:57:45,2,False,0,,,,0,,,a2480bf8-3cf3-4df1-955e-98bfd5178e8d,
6305,6304,RowNumber-2662979B-1795-4F74-8F37-6A1BA8059B61,,6,19,,,True,1,True,True,False,1,-1,False,False,1,6537,3,,,,,True,,6306,20/04/2026 17:10:40,20/04/2026 17:10:40,31/12/1699 00:00:00,0,False,0,,,,0,,,,
6326,6304,id_manifestacao,,6,19,,Identificador numérico interno da manifestação. Espelha o campo equivalente em f_relatorio.,False,1,False,False,True,1,-1,False,False,3,6557,1,id_manifestacao,,,0,True,,6472,21/04/2026 22:39:48,20/04/2026 17:10:40,31/12/1699 00:00:00,0,False,0,,,,0,,,13d28d38-4cb5-4a83-933d-94e1d1ef36d8,
6327,6304,protocolo,,2,19,,[Papel: Chave estrangeira] Protocolo da manifestação cuja resposta foi avaliada como insatisfatória. Relaciona f_insatisfatorias à tabela central f_relatorio.,False,1,False,False,True,1,-1,False,False,2,6561,1,protocolo,,,,True,,6473,01/05/2026 18:20:14,20/04/2026 17:10:40,31/12/1699 00:00:00,0,False,0,,,,0,,,4f5918c8-ad0b-423b-8077-d71f09071db0,
6328,6304,data_manifestacao,,9,19,,Data de registro da manifestação. Permite análise temporal da incidência de respostas insatisfatórias.,False,1,False,False,True,1,-1,False,False,2,6565,1,data_manifestacao,,,General Date,True,,6474,20/04/2026 21:04:55,20/04/2026 17:10:40,31/12/1699 00:00:00,0,False,0,,,,0,,,9931e0e0-6f16-473e-937e-b05764b4ff06,
6336,6304,data_finalizacao,,9,19,,Data de finalização da manifestação cuja resposta foi reprovada.,False,1,False,False,True,1,-1,False,False,2,6597,1,data_finalizacao,,,General Date,True,,6482,20/04/2026 21:04:55,20/04/2026 17:10:40,31/12/1699 00:00:00,0,False,0,,,,0,,,1c46c6e5-9e9b-4f0d-b552-46f1adb2128a,
6344,6304,data_revisao,,9,19,,Data da revisão que identificou a resposta como insatisfatória.,False,1,False,False,True,1,-1,False,False,2,6629,1,data_revisao,,,General Date,True,,6490,20/04/2026 21:04:55,20/04/2026 17:10:40,31/12/1699 00:00:00,0,False,0,,,,0,,,a8cfe85e-3afb-4c3f-a7a3-4b3067eaa84c,
6352,6304,sigla,,2,19,,Sigla do órgão responsável pela resposta avaliada como insatisfatória.,False,1,False,False,True,1,-1,False,False,2,6661,1,sigla,,,,True,,6498,20/04/2026 21:04:55,20/04/2026 17:10:40,31/12/1699 00:00:00,0,False,0,,,,0,,,ff6fd93f-8c70-4872-9293-7859c8fb3826,
6353,6304,suborgao,,2,19,,"Subdivisão do órgão responsável, permitindo identificar unidades com maior incidência de respostas inadequadas.",False,1,False,False,True,1,-1,False,False,2,6665,1,suborgao,,,,True,,6499,20/04/2026 21:04:55,20/04/2026 17:10:40,31/12/1699 00:00:00,0,False,0,,,,0,,,64e752f4-5fdc-4124-9614-52264d18113e,
6354,6304,sigilo,,2,19,,Indicação de sigilo da manifestação com resposta reprovada.,False,1,False,False,True,1,-1,False,False,2,6669,1,sigilo,,,,True,,6500,20/04/2026 21:04:55,20/04/2026 17:10:40,31/12/1699 00:00:00,0,False,0,,,,0,,,cfbcaba4-7849-43a2-a1a0-2c694d54a28f,
6355,6304,prazo_interno,,6,19,,Prazo interno do órgão para a manifestação com resposta reprovada.,False,1,False,False,True,1,-1,False,False,3,6673,1,prazo_interno,,,0,True,,6501,20/04/2026 21:04:55,20/04/2026 17:10:40,31/12/1699 00:00:00,0,False,0,,,,0,,,27d3c615-a541-40fe-995b-901c1bffe1ce,
6356,6304,prazo_externo,,6,19,,Prazo externo normativo aplicável à manifestação com resposta inadequada.,False,1,False,False,True,1,-1,False,False,3,6677,1,prazo_externo,,,0,True,,6502,20/04/2026 21:04:55,20/04/2026 17:10:40,31/12/1699 00:00:00,0,False,0,,,,0,,,48928d7d-c7eb-41ef-9657-7307e8b39660,
6357,6304,dias_vida,,6,19,,Dias de tramitação da manifestação com resposta insatisfatória.,False,1,False,False,True,1,-1,False,False,3,6681,1,dias_vida,,,0,True,,6503,20/04/2026 21:04:55,20/04/2026 17:10:40,31/12/1699 00:00:00,0,False,0,,,,0,,,85243afb-fb39-4e53-9500-eba537f3cdb8,
6358,6304,dias_reativacao,,6,19,,"Dias após reativação, quando aplicável.",False,1,False,False,True,1,-1,False,False,3,6685,1,dias_reativacao,,,0,True,,6504,20/04/2026 21:04:55,20/04/2026 17:10:40,31/12/1699 00:00:00,0,False,0,,,,0,,,73f4e609-dd7b-441e-ad84-7e0206db41da,
6359,6304,dias_atraso,,6,19,,[Papel: Métrica de linha] Dias de atraso em relação ao prazo da manifestação com resposta insatisfatória. Campo numérico nesta tabela; em f_relatorio o campo equivalente está como texto.,False,1,False,False,True,1,-1,False,False,3,6689,1,dias_atraso,,,0,True,,6505,01/05/2026 18:20:14,20/04/2026 17:10:40,31/12/1699 00:00:00,0,False,0,,,,0,,,3774e373-f2c2-4b15-a2aa-a364d4c8de62,
6360,6304,tipo_manifestacao,,2,19,,Tipo da manifestação com resposta insatisfatória. Reclamações concentram a maior parte dos casos (68% do total).,False,1,False,False,True,1,-1,False,False,2,6693,1,tipo_manifestacao,,,,True,,6506,20/04/2026 21:04:55,20/04/2026 17:10:40,31/12/1699 00:00:00,0,False,0,,,,0,,,5c21f023-fa6d-461a-9fe4-96ddb829be5a,
6361,6304,municipio,,2,19,,Município de origem da manifestação com resposta insatisfatória.,False,1,False,False,True,1,-1,False,False,2,6697,1,municipio,,,,True,,6507,20/04/2026 21:04:55,20/04/2026 17:10:40,31/12/1699 00:00:00,0,False,0,,,,0,,,6683bfec-73b3-41c6-baf2-a547182b1904,
6362,6304,tipificacao,,2,19,,Assunto da manifestação com resposta reprovada. Permite identificar temas com maior dificuldade de atendimento.,False,1,False,False,True,1,-1,False,False,2,6701,1,tipificacao,,,,True,,6508,20/04/2026 21:04:55,20/04/2026 17:10:40,31/12/1699 00:00:00,0,False,0,,,,0,,,5aa37a83-5bab-4fa1-a10a-ab262d414550,
6363,6304,sub_tipificacao,,2,19,,"Detalhamento do assunto dentro da tipificação, para análise de segundo nível das falhas de atendimento.",False,1,False,False,True,1,-1,False,False,2,6705,1,sub_tipificacao,,,,True,,6509,20/04/2026 21:04:55,20/04/2026 17:10:40,31/12/1699 00:00:00,0,False,0,,,,0,,,adf438c3-0a5f-4156-8af9-1d5776eea59b,
6364,6304,area_tecnica,,2,19,,Área interna do órgão responsável pela resposta inadequada.,False,1,False,False,True,1,-1,False,False,2,6709,1,area_tecnica,,,,True,,6510,20/04/2026 21:04:55,20/04/2026 17:10:40,31/12/1699 00:00:00,0,False,0,,,,0,,,c7de1f6b-aa4c-455a-95ca-ead890c1c3a8,
6365,6304,registro,,2,19,,Canal de entrada da manifestação avaliada como insatisfatória.,False,1,False,False,True,1,-1,False,False,2,6713,1,registro,,,,True,,6511,20/04/2026 21:04:55,20/04/2026 17:10:40,31/12/1699 00:00:00,0,False,0,,,,0,,,da776c63-3288-470f-a936-38366a7ca094,
6366,6304,ds_status,,2,19,,Status da manifestação no momento da avaliação de qualidade.,False,1,False,False,True,1,-1,False,False,2,6717,1,ds_status,,,,True,,6512,20/04/2026 21:04:55,20/04/2026 17:10:40,31/12/1699 00:00:00,0,False,0,,,,0,,,0591c13d-ba69-4467-a811-35764a61c8a3,
6367,6304,publicacao,,6,19,,Flag de publicação no portal de transparência.,False,1,False,False,True,1,-1,False,False,3,6721,1,publicacao,,,0,True,,6513,20/04/2026 21:04:55,20/04/2026 17:10:40,31/12/1699 00:00:00,0,False,0,,,,0,,,d6618d57-5ffc-4111-a695-366dc25c26fc,
6368,6304,procedente,,2,19,,Resultado da análise de mérito da manifestação com resposta insatisfatória.,False,1,False,False,True,1,-1,False,False,2,6725,1,procedente,,,,True,,6514,20/04/2026 21:04:55,20/04/2026 17:10:40,31/12/1699 00:00:00,0,False,0,,,,0,,,37de2095-dcb9-4263-82e3-c24f055369f0,
6369,6304,recurso,,2,19,,"Instância de recurso associada, se houver.",False,1,False,False,True,1,-1,False,False,2,6729,1,recurso,,,,True,,6515,20/04/2026 21:04:55,20/04/2026 17:10:40,31/12/1699 00:00:00,0,False,0,,,,0,,,65a9fc21-1d0e-49f3-a13c-48c3908a00d9,
6370,6304,nm_sei,,2,19,,Número SEI vinculado à manifestação com resposta insatisfatória.,False,1,False,False,True,1,-1,False,False,2,6733,1,nm_sei,,,,True,,6516,20/04/2026 21:04:55,20/04/2026 17:10:40,31/12/1699 00:00:00,0,False,0,,,,0,,,9f4a7d90-cd33-4089-b369-f5274ec9c338,
6308,6307,RowNumber-2662979B-1795-4F74-8F37-6A1BA8059B61,,6,19,,,True,1,True,True,False,1,-1,False,False,1,6541,3,,,,,True,,6309,29/04/2026 00:57:45,20/04/2026 17:10:40,31/12/1699 00:00:00,2,False,0,,,,0,,,,
6329,6307,,Date,9,9,PaddedDateTableDates,,True,1,False,False,True,1,-1,False,False,2,6569,4,[Date],,,General Date,True,,6475,29/04/2026 00:57:45,20/04/2026 17:10:40,31/12/1699 00:00:00,2,False,0,,,,0,,,a536da95-1f39-477f-82bd-2913880b867f,
6330,6307,Ano,,6,6,Years,,True,1,False,False,True,1,-1,False,False,2,6573,2,,,YEAR([Date]),0,True,,6476,29/04/2026 00:57:45,20/04/2026 17:10:40,29/04/2026 00:57:45,2,False,0,,,,0,,,41c1a390-951c-4da3-802b-0111b5646bf6,
6331,6307,MonthNo,,6,6,MonthOfYear,,True,1,False,False,True,1,-1,False,False,2,6577,2,,,MONTH([Date]),0,True,,6477,29/04/2026 00:57:45,20/04/2026 17:10:40,29/04/2026 00:57:45,2,False,0,,,,0,,,ff885453-d785-4a1a-8e1b-a60cfdd10537,
6332,6307,Mês,,2,2,Months,,True,1,False,False,True,1,-1,False,False,2,6581,2,,,"FORMAT([Date], ""MMMM"")",,True,6331,6478,29/04/2026 00:57:45,20/04/2026 17:10:40,29/04/2026 00:57:45,2,False,0,,,,0,,,109158ab-0be2-44bb-959d-298f80413da7,
6333,6307,QuarterNo,,6,6,QuarterOfYear,,True,1,False,False,True,1,-1,False,False,2,6585,2,,,INT(([MonthNo] + 2) / 3),0,True,,6479,29/04/2026 00:57:45,20/04/2026 17:10:40,29/04/2026 00:57:45,2,False,0,,,,0,,,1795b81c-23f8-4a2c-aaf5-c8a8a06599e2,
6334,6307,Trimestre,,2,2,Quarters,,True,1,False,False,True,1,-1,False,False,2,6589,2,,,"""Qtr "" & [QuarterNo]",,True,6333,6480,29/04/2026 00:57:45,20/04/2026 17:10:40,29/04/2026 00:57:45,2,False,0,,,,0,,,2c79bb04-83b5-418f-bc11-432e095e3014,
6335,6307,Dia,,6,6,DayOfMonth,,True,1,False,False,True,1,-1,False,False,2,6593,2,,,DAY([Date]),0,True,,6481,29/04/2026 00:57:45,20/04/2026 17:10:40,29/04/2026 00:57:45,2,False,0,,,,0,,,b3a81a67-5f4b-4ab9-9b82-176798645e74,
6311,6310,RowNumber-2662979B-1795-4F74-8F37-6A1BA8059B61,,6,19,,,True,1,True,True,False,1,-1,False,False,1,6545,3,,,,,True,,6312,29/04/2026 00:57:45,20/04/2026 17:10:40,31/12/1699 00:00:00,2,False,0,,,,0,,,,
6337,6310,,Date,9,9,PaddedDateTableDates,,True,1,False,False,True,1,-1,False,False,2,6601,4,[Date],,,General Date,True,,6483,29/04/2026 00:57:45,20/04/2026 17:10:40,31/12/1699 00:00:00,2,False,0,,,,0,,,b0c33523-99c3-4dfb-b1d6-fafa35ce7292,
6338,6310,Ano,,6,6,Years,,True,1,False,False,True,1,-1,False,False,2,6605,2,,,YEAR([Date]),0,True,,6484,29/04/2026 00:57:45,20/04/2026 17:10:40,29/04/2026 00:57:45,2,False,0,,,,0,,,0e31fe2a-243f-43f5-8b38-3f4823d37afa,
6339,6310,MonthNo,,6,6,MonthOfYear,,True,1,False,False,True,1,-1,False,False,2,6609,2,,,MONTH([Date]),0,True,,6485,29/04/2026 00:57:45,20/04/2026 17:10:40,29/04/2026 00:57:45,2,False,0,,,,0,,,15cb9723-4e6b-4a62-8d6e-2f09c39ef70b,
6340,6310,Mês,,2,2,Months,,True,1,False,False,True,1,-1,False,False,2,6613,2,,,"FORMAT([Date], ""MMMM"")",,True,6339,6486,29/04/2026 00:57:45,20/04/2026 17:10:40,29/04/2026 00:57:45,2,False,0,,,,0,,,ed4173f3-c812-4547-9dd3-5e7defc8e237,
6341,6310,QuarterNo,,6,6,QuarterOfYear,,True,1,False,False,True,1,-1,False,False,2,6617,2,,,INT(([MonthNo] + 2) / 3),0,True,,6487,29/04/2026 00:57:45,20/04/2026 17:10:40,29/04/2026 00:57:45,2,False,0,,,,0,,,8a53898f-94b7-40f0-84fd-318fb0e909b3,
6342,6310,Trimestre,,2,2,Quarters,,True,1,False,False,True,1,-1,False,False,2,6621,2,,,"""Qtr "" & [QuarterNo]",,True,6341,6488,29/04/2026 00:57:45,20/04/2026 17:10:40,29/04/2026 00:57:45,2,False,0,,,,0,,,b2d2a207-d264-4973-a965-8b1161bf7664,
6343,6310,Dia,,6,6,DayOfMonth,,True,1,False,False,True,1,-1,False,False,2,6625,2,,,DAY([Date]),0,True,,6489,29/04/2026 00:57:45,20/04/2026 17:10:40,29/04/2026 00:57:45,2,False,0,,,,0,,,bdc4fc47-d111-4554-8fe3-64ad6dd6b893,
6314,6313,RowNumber-2662979B-1795-4F74-8F37-6A1BA8059B61,,6,19,,,True,1,True,True,False,1,-1,False,False,1,6549,3,,,,,True,,6315,29/04/2026 00:57:45,20/04/2026 17:10:40,31/12/1699 00:00:00,2,False,0,,,,0,,,,
6345,6313,,Date,9,9,PaddedDateTableDates,,True,1,False,False,True,1,-1,False,False,2,6633,4,[Date],,,General Date,True,,6491,29/04/2026 00:57:45,20/04/2026 17:10:40,31/12/1699 00:00:00,2,False,0,,,,0,,,fa5aa7b0-b59c-4649-96f4-925b10040c07,
6346,6313,Ano,,6,6,Years,,True,1,False,False,True,1,-1,False,False,2,6637,2,,,YEAR([Date]),0,True,,6492,29/04/2026 00:57:45,20/04/2026 17:10:40,29/04/2026 00:57:45,2,False,0,,,,0,,,579b36ed-4925-46ee-b93c-02a18d461bec,
6347,6313,MonthNo,,6,6,MonthOfYear,,True,1,False,False,True,1,-1,False,False,2,6641,2,,,MONTH([Date]),0,True,,6493,29/04/2026 00:57:45,20/04/2026 17:10:40,29/04/2026 00:57:45,2,False,0,,,,0,,,5955c295-c3a0-4823-8f15-e4c68dbfaec6,
6348,6313,Mês,,2,2,Months,,True,1,False,False,True,1,-1,False,False,2,6645,2,,,"FORMAT([Date], ""MMMM"")",,True,6347,6494,29/04/2026 00:57:45,20/04/2026 17:10:40,29/04/2026 00:57:45,2,False,0,,,,0,,,4efda4ea-fbc6-466f-b8e9-13843ff3af6e,
6349,6313,QuarterNo,,6,6,QuarterOfYear,,True,1,False,False,True,1,-1,False,False,2,6649,2,,,INT(([MonthNo] + 2) / 3),0,True,,6495,29/04/2026 00:57:45,20/04/2026 17:10:40,29/04/2026 00:57:45,2,False,0,,,,0,,,576d7d03-5389-408b-97c9-256f1c816167,
6350,6313,Trimestre,,2,2,Quarters,,True,1,False,False,True,1,-1,False,False,2,6653,2,,,"""Qtr "" & [QuarterNo]",,True,6349,6496,29/04/2026 00:57:45,20/04/2026 17:10:40,29/04/2026 00:57:45,2,False,0,,,,0,,,20c1364b-132e-49b3-9793-5573ebadddd9,
6351,6313,Dia,,6,6,DayOfMonth,,True,1,False,False,True,1,-1,False,False,2,6657,2,,,DAY([Date]),0,True,,6497,29/04/2026 00:57:45,20/04/2026 17:10:40,29/04/2026 00:57:45,2,False,0,,,,0,,,394ca650-abbd-40f3-96e8-03be9d3fc842,
22745,22744,RowNumber-2662979B-1795-4F74-8F37-6A1BA8059B61,,6,19,,,True,1,True,True,False,1,-1,False,False,1,22789,3,,,,,True,,22746,29/04/2026 00:57:45,20/04/2026 17:48:40,31/12/1699 00:00:00,2,False,0,,,,0,,,,
22748,22744,,Date,9,9,PaddedDateTableDates,,True,1,False,False,True,1,-1,False,False,2,22793,4,[Date],,,General Date,True,,22777,29/04/2026 00:57:45,20/04/2026 17:48:40,31/12/1699 00:00:00,2,False,0,,,,0,,,ff9c53e3-853c-4169-9a48-9199e24f03d1,
22749,22744,Ano,,6,6,Years,,True,1,False,False,True,1,-1,False,False,2,22797,2,,,YEAR([Date]),0,True,,22778,29/04/2026 00:57:45,20/04/2026 17:48:40,29/04/2026 00:57:45,2,False,0,,,,0,,,6e3db2ba-39e8-4133-9a5c-9bd8e87e3e5c,
22750,22744,MonthNo,,6,6,MonthOfYear,,True,1,False,False,True,1,-1,False,False,2,22801,2,,,MONTH([Date]),0,True,,22779,29/04/2026 00:57:45,20/04/2026 17:48:40,29/04/2026 00:57:45,2,False,0,,,,0,,,4aff79f9-94f6-4622-a76e-e24a2b66cc19,
22751,22744,Mês,,2,2,Months,,True,1,False,False,True,1,-1,False,False,2,22805,2,,,"FORMAT([Date], ""MMMM"")",,True,22750,22780,29/04/2026 00:57:45,20/04/2026 17:48:40,29/04/2026 00:57:45,2,False,0,,,,0,,,fe3cbe72-8380-47db-85b0-a6c70a85bf9b,
22752,22744,QuarterNo,,6,6,QuarterOfYear,,True,1,False,False,True,1,-1,False,False,2,22809,2,,,INT(([MonthNo] + 2) / 3),0,True,,22781,29/04/2026 00:57:45,20/04/2026 17:48:40,29/04/2026 00:57:45,2,False,0,,,,0,,,0e78b86e-ab7c-4bac-9006-75b14b7f3305,
22753,22744,Trimestre,,2,2,Quarters,,True,1,False,False,True,1,-1,False,False,2,22813,2,,,"""Qtr "" & [QuarterNo]",,True,22752,22782,29/04/2026 00:57:45,20/04/2026 17:48:40,29/04/2026 00:57:45,2,False,0,,,,0,,,f37197be-22a6-4c3f-8bb4-9c51b21ca44d,
22754,22744,Dia,,6,6,DayOfMonth,,True,1,False,False,True,1,-1,False,False,2,22817,2,,,DAY([Date]),0,True,,22783,29/04/2026 00:57:45,20/04/2026 17:48:40,29/04/2026 00:57:45,2,False,0,,,,0,,,ea4c7d1d-6a04-40bb-8627-12e47965415c,
25961,25960,RowNumber-2662979B-1795-4F74-8F37-6A1BA8059B61,,6,19,,,True,1,True,True,False,1,-1,False,False,1,25971,3,,,,,True,,25962,20/04/2026 18:05:49,20/04/2026 18:05:49,31/12/1699 00:00:00,2,False,0,,,,0,,,,
25964,25960,,Value,1,6,,[Papel: Técnico] Coluna dummy criada para viabilizar a tabela calculada _medidas. Não possui significado analítico e não deve ser usada em visuais.,False,1,False,False,True,1,-1,False,False,1,25975,4,[Value],,,,True,,25965,01/05/2026 18:20:14,20/04/2026 18:05:49,31/12/1699 00:00:00,2,False,0,,,,0,,,6041b9ee-9a33-41f6-b9e2-e5271bf9b28c,
29280,29279,RowNumber-2662979B-1795-4F74-8F37-6A1BA8059B61,,6,19,,,True,1,True,True,False,1,-1,False,False,1,29290,3,,,,,True,,29281,20/04/2026 22:01:24,20/04/2026 22:01:24,31/12/1699 00:00:00,2,False,0,,,,0,,,,
29283,29279,,Date,1,9,,[Papel: Chave] Data diária da dimensão calendário. Chave de relacionamento com tabelas fato; relação ativa principal com f_relatorio[data_manifestacao].,False,1,True,False,True,1,-1,False,False,2,29294,4,[Date],,,,True,,29284,01/05/2026 18:20:14,20/04/2026 22:01:25,31/12/1699 00:00:00,2,False,0,,,,0,,,8eb64e7d-a8d8-4b8c-8793-9a630b3554ba,
29319,29279,Ano,,6,6,,Ano da data.,False,1,False,False,True,1,-1,False,False,2,29333,2,,,YEAR(dCalendario[Date]),,True,,29326,21/04/2026 22:53:41,20/04/2026 22:01:52,29/04/2026 00:57:41,2,False,0,,,,0,,,294047d2-dfad-499d-9394-69c35d574861,
29320,29279,Mes,,6,6,,Número do mês (1–12).,False,1,False,False,True,1,-1,False,False,2,29337,2,,,MONTH(dCalendario[Date]),,True,,29327,21/04/2026 22:53:41,20/04/2026 22:01:52,29/04/2026 00:57:41,2,False,0,,,,0,,,28f27298-d276-40c8-a60e-3c52b5038670,
29321,29279,Dia,,6,6,,Dia do mês (1–31).,False,1,False,False,True,1,-1,False,False,2,29341,2,,,DAY(dCalendario[Date]),,True,,29328,21/04/2026 22:53:41,20/04/2026 22:01:52,29/04/2026 00:57:41,2,False,0,,,,0,,,632005fe-64e5-41e3-b03c-569245ae2762,
29322,29279,NomeMes,,2,2,,Nome do mês por extenso em português.,False,1,False,False,True,1,-1,False,False,2,29345,2,,,"SWITCH(MONTH(dCalendario[Date]),1,""Janeiro"",2,""Fevereiro"",3,""Março"",4,""Abril"",5,""Maio"",6,""Junho"",7,""Julho"",8,""Agosto"",9,""Setembro"",10,""Outubro"",11,""Novembro"",12,""Dezembro"")",,True,29320,29329,21/04/2026 22:53:41,20/04/2026 22:01:52,29/04/2026 00:57:41,2,False,0,,,,0,,,2a42b221-8b74-4031-a4e3-3c0a2e910287,
29323,29279,MesAbrev,,2,2,,Mês abreviado (3 letras) em português.,False,1,False,False,True,1,-1,False,False,2,29349,2,,,"SWITCH(MONTH(dCalendario[Date]),1,""jan"",2,""fev"",3,""mar"",4,""abr"",5,""mai"",6,""jun"",7,""jul"",8,""ago"",9,""set"",10,""out"",11,""nov"",12,""dez"")",,True,29320,29330,21/04/2026 22:53:41,20/04/2026 22:01:52,29/04/2026 00:57:41,2,False,0,,,,0,,,b3753005-0489-4b8e-922a-67576fdbdd11,
29325,29279,AnoMes,,6,6,,Chave numérica de ordenação ano-mês (ex: 202401). Usar para ordenar NomeMes e AnoMesLabel.,False,1,False,False,True,1,-1,False,False,2,29357,2,,,YEAR(dCalendario[Date]) * 100 + MONTH(dCalendario[Date]),,True,,29332,21/04/2026 22:53:41,20/04/2026 22:01:52,29/04/2026 00:57:41,2,False,0,,,,0,,,a5042bb3-dee4-4557-be36-a1f12e4a9f9e,
29382,29279,NumDiaSemana,,6,6,,"Número do dia da semana (1=Seg, 7=Dom). ISO 8601.",False,1,False,False,True,1,-1,False,False,2,29392,2,,,"WEEKDAY(dCalendario[Date], 2)",,True,,29387,21/04/2026 22:53:41,20/04/2026 22:02:01,29/04/2026 00:57:41,2,False,0,,,,0,,,d69559c5-811b-499b-86dc-7693948d3402,
29383,29279,NomeDiaSemana,,2,2,,Nome do dia da semana por extenso em português.,False,1,False,False,True,1,-1,False,False,2,29396,2,,,"SWITCH(WEEKDAY(dCalendario[Date],2),1,""Segunda-feira"",2,""Terça-feira"",3,""Quarta-feira"",4,""Quinta-feira"",5,""Sexta-feira"",6,""Sábado"",7,""Domingo"")",,True,29382,29388,21/04/2026 22:53:41,20/04/2026 22:02:01,29/04/2026 00:57:41,2,False,0,,,,0,,,345f9b4e-21d5-4474-a2a3-5ac377814fec,
29384,29279,DiaSemanaAbrev,,2,2,,Dia da semana abreviado (3 letras).,False,1,False,False,True,1,-1,False,False,2,29400,2,,,"SWITCH(WEEKDAY(dCalendario[Date],2),1,""Seg"",2,""Ter"",3,""Qua"",4,""Qui"",5,""Sex"",6,""Sáb"",7,""Dom"")",,True,29382,29389,21/04/2026 22:53:41,20/04/2026 22:02:01,29/04/2026 00:57:41,2,False,0,,,,0,,,4b31ca0a-5ce8-4262-8ac7-89f82407b760,
29385,29279,NumSemanaAno,,6,6,,"Número da semana no ano (ISO 8601, semana começa na segunda-feira).",False,1,False,False,True,1,-1,False,False,2,29404,2,,,"WEEKNUM(dCalendario[Date], 2)",,True,,29390,21/04/2026 22:53:41,20/04/2026 22:02:01,29/04/2026 00:57:41,2,False,0,,,,0,,,d484f6ff-e460-48c4-b842-9e44f86bb1b0,
29386,29279,AnoSemana,,6,6,,Chave numérica ano-semana para ordenação (ex: 202401).,False,1,False,False,True,1,-1,False,False,2,29408,2,,,"YEAR(dCalendario[Date]) * 100 + WEEKNUM(dCalendario[Date], 2)",,True,,29391,21/04/2026 22:53:41,20/04/2026 22:02:01,29/04/2026 00:57:41,2,False,0,,,,0,,,c42a415b-7985-40ce-bfe6-a1ba85adfa52,
29427,29279,Trimestre,,6,8,,Trimestre do ano (1–4).,False,1,False,False,True,1,-1,False,False,2,29443,2,,,"ROUNDUP(MONTH(dCalendario[Date]) / 3, 0)",,True,,29435,21/04/2026 22:53:41,20/04/2026 22:02:12,29/04/2026 00:57:41,2,False,0,,,,0,,,da414d6a-1fd6-40f5-9c64-a4b11cf06127,
29429,29279,Quadrimestre,,6,6,,"Quadrimestre do ano (1=jan-abr, 2=mai-ago, 3=set-dez). Base do Relatório de Gestão CGE-GO.",False,1,False,False,True,1,-1,False,False,2,29451,2,,,"SWITCH(TRUE(),MONTH(dCalendario[Date])<=4,1,MONTH(dCalendario[Date])<=8,2,3)",,True,,29437,21/04/2026 22:53:41,20/04/2026 22:02:12,29/04/2026 00:57:41,2,False,0,,,,0,,,1b24cc27-739b-44d2-8f11-4db6b1cca8d6,
29430,29279,NomeQuadrimestre,,2,2,,Nome do quadrimestre por extenso.,False,1,False,False,True,1,-1,False,False,2,29455,2,,,"SWITCH(TRUE(),MONTH(dCalendario[Date])<=4,""1º Quadrimestre"",MONTH(dCalendario[Date])<=8,""2º Quadrimestre"",""3º Quadrimestre"")",,True,29432,29438,21/04/2026 22:53:41,20/04/2026 22:02:12,29/04/2026 00:57:41,2,False,0,,,,0,,,199b78b5-2650-4003-84bb-bb95e55a4ec0,
29432,29279,AnoQuadri,,6,6,,Chave numérica ano-quadrimestre para ordenação (ex: 20241).,False,1,False,False,True,1,-1,False,False,2,29463,2,,,"YEAR(dCalendario[Date])*10 + SWITCH(TRUE(),MONTH(dCalendario[Date])<=4,1,MONTH(dCalendario[Date])<=8,2,3)",,True,,29440,21/04/2026 22:53:41,20/04/2026 22:02:12,29/04/2026 00:57:41,2,False,0,,,,0,,,236e9eb1-535f-4b24-83db-305b21743eca,
29433,29279,Semestre,,6,6,,Semestre do ano (1 ou 2).,False,1,False,False,True,1,-1,False,False,2,29467,2,,,"IF(MONTH(dCalendario[Date])<=6,1,2)",,True,,29441,21/04/2026 22:53:41,20/04/2026 22:02:12,29/04/2026 00:57:41,2,False,0,,,,0,,,d128512a-7aef-42e1-bd02-b472e26daa2b,
29499,29279,FimDeSemana,,11,11,,TRUE se sábado ou domingo.,False,1,False,False,True,1,-1,False,False,2,29513,2,,,"WEEKDAY(dCalendario[Date],2) >= 6",,True,,29506,21/04/2026 22:53:41,20/04/2026 22:02:20,29/04/2026 00:57:41,2,False,0,,,,0,,,63235df7-ef5c-44af-a16d-5a3c7cf94503,
29500,29279,DiaUtil,,11,11,,TRUE se segunda a sexta-feira.,False,1,False,False,True,1,-1,False,False,2,29517,2,,,"WEEKDAY(dCalendario[Date],2) <= 5",,True,,29507,21/04/2026 22:53:41,20/04/2026 22:02:20,29/04/2026 00:57:41,2,False,0,,,,0,,,5e7d75a8-a853-4927-89fe-77820ae1ad02,
29501,29279,PrimeiroDiaMes,,11,11,,TRUE se é o primeiro dia do mês.,False,1,False,False,True,1,-1,False,False,2,29521,2,,,DAY(dCalendario[Date]) = 1,,True,,29508,21/04/2026 22:53:41,20/04/2026 22:02:20,29/04/2026 00:57:41,2,False,0,,,,0,,,6992ef20-4d45-403b-be3d-92aea8475d05,
29502,29279,UltimoDiaMes,,11,11,,TRUE se é o último dia do mês.,False,1,False,False,True,1,-1,False,False,2,29525,2,,,"dCalendario[Date] = EOMONTH(dCalendario[Date], 0)",,True,,29509,21/04/2026 22:53:41,20/04/2026 22:02:20,29/04/2026 00:57:41,2,False,0,,,,0,,,89ad0baf-b0b6-4b83-9682-b9173bba203f,
29503,29279,AnoAtual,,11,11,,TRUE se a data pertence ao ano corrente.,False,1,False,False,True,1,-1,False,False,2,29529,2,,,YEAR(dCalendario[Date]) = YEAR(TODAY()),,True,,29510,21/04/2026 22:53:41,20/04/2026 22:02:20,01/05/2026 18:11:43,2,False,0,,,,0,,,70d85811-5d5f-4175-8483-0888fdf3318f,
29504,29279,Ultimos12Meses,,11,11,,TRUE se a data está nos últimos 12 meses a partir de hoje.,False,1,False,False,True,1,-1,False,False,2,29533,2,,,"dCalendario[Date] >= EDATE(TODAY(),-12) && dCalendario[Date] <= TODAY()",,True,,29511,21/04/2026 22:53:41,20/04/2026 22:02:20,01/05/2026 18:11:43,2,False,0,,,,0,,,db24b9d9-8881-4004-a2f2-7c1a1d150f45,
29505,29279,UltimoQuadrimestre,,11,11,,TRUE se a data está nos últimos 3 meses (um quadrimestre retroativo).,False,1,False,False,True,1,-1,False,False,2,29537,2,,,"dCalendario[Date] >= EDATE(TODAY(),-4) && dCalendario[Date] <= TODAY()",,True,,29512,21/04/2026 22:53:41,20/04/2026 22:02:20,01/05/2026 18:11:43,2,False,0,,,,0,,,7d0a0e5d-d125-4838-a669-8d5f7bcf903a,
30083,29279,MesExercicio,,6,6,,Número sequencial de meses desde jan/2024 (mês 1 = jan/2024). Usado em cálculos de tendência e regressão linear no contexto do SGOe.,False,1,False,False,True,1,-1,False,False,2,30091,2,,,"IF(YEAR(dCalendario[Date])>=2024, (YEAR(dCalendario[Date])-2024)*12 + MONTH(dCalendario[Date]), BLANK())",,True,,30087,21/04/2026 22:53:41,20/04/2026 22:02:30,29/04/2026 00:57:41,2,False,0,,,,0,,,0f5d2dfe-2978-4eed-914b-e52d36fd667d,
30084,29279,QuadriExercicio,,6,6,,"Número sequencial de quadrimestres desde Q1/2024 (1=Q1/2024, 2=Q2/2024...). Base para comparação entre relatórios de gestão.",False,1,False,False,True,1,-1,False,False,2,30095,2,,,"IF(YEAR(dCalendario[Date])>=2024, (YEAR(dCalendario[Date])-2024)*3 + SWITCH(TRUE(),MONTH(dCalendario[Date])<=4,1,MONTH(dCalendario[Date])<=8,2,3), BLANK())",,True,,30088,21/04/2026 22:53:41,20/04/2026 22:02:30,29/04/2026 00:57:41,2,False,0,,,,0,,,f51320f1-f15b-4920-a644-957db5dcd366,
30085,29279,DiaDoAno,,6,6,,Número do dia no ano (1–365/366). Útil para análise de sazonalidade intra-anual.,False,1,False,False,True,1,-1,False,False,2,30099,2,,,"DATEDIFF(DATE(YEAR(dCalendario[Date]),1,1), dCalendario[Date], DAY) + 1",,True,,30089,21/04/2026 22:53:41,20/04/2026 22:02:30,29/04/2026 00:57:41,2,False,0,,,,0,,,96319fd0-38a5-46ea-ae95-7c102fe48865,
30086,29279,DiaUtilDoMes,,6,6,,"Dia útil do mês (1, 2, 3...). Conta apenas dias úteis (seg-sex). Útil para análise de prazo interno.",False,1,False,False,True,1,-1,False,False,2,30103,2,,,"CALCULATE(COUNTROWS(dCalendario), dCalendario[Date] <= EARLIER(dCalendario[Date]), MONTH(dCalendario[Date]) = MONTH(EARLIER(dCalendario[Date])), YEAR(dCalendario[Date]) = YEAR(EARLIER(dCalendario[Date])), dCalendario[DiaUtil] = TRUE())",,True,,30090,21/04/2026 22:56:02,20/04/2026 22:02:30,29/04/2026 00:57:44,2,False,0,,,,0,,,0d38238f-22c6-4453-a3d2-abe6f445a434,
30125,29279,TrimestreLabel,,2,2,,Rótulo do trimestre para eixos (ex: T1/2024).,False,1,False,False,True,1,-1,False,False,2,30127,2,,,"""T"" & FORMAT(dCalendario[Trimestre], ""0"") & ""/"" & FORMAT(dCalendario[Ano], ""0"")",,True,29427,30126,21/04/2026 22:53:41,20/04/2026 22:04:33,29/04/2026 00:57:41,2,False,0,,,,0,,,803f5dcf-dd32-4f85-a4c1-412af04dcdef,
30134,29279,QuadriLabel,,2,2,,Rótulo compacto do quadrimestre para eixos (ex: Q1/2024).,False,1,False,False,True,1,-1,False,False,2,30140,2,,,"SWITCH(TRUE(), MONTH(dCalendario[Date])<=4, ""Q1"", MONTH(dCalendario[Date])<=8, ""Q2"", ""Q3"") & ""/"" & FORMAT(dCalendario[Ano], ""0"")",,True,29432,30137,21/04/2026 22:53:41,20/04/2026 22:04:56,29/04/2026 00:57:41,2,False,0,,,,0,,,2213cbd5-b020-4759-ae07-1dc782ddd85f,
30135,29279,SemestreLabel,,2,2,,Rótulo compacto do semestre para eixos (ex: S1/2024).,False,1,False,False,True,1,-1,False,False,2,30144,2,,,"IF(MONTH(dCalendario[Date])<=6, ""S1"", ""S2"") & ""/"" & FORMAT(dCalendario[Ano], ""0"")",,True,29433,30138,21/04/2026 22:53:41,20/04/2026 22:04:56,29/04/2026 00:57:41,2,False,0,,,,0,,,c0267485-cdbc-4c26-ab47-742d1252771d,
30136,29279,AnoMesLabel,,2,2,,Rótulo mês/ano para eixos de gráficos (ex: jan/2024).,False,1,False,False,True,1,-1,False,False,2,30148,2,,,"dCalendario[MesAbrev] & ""/"" & FORMAT(dCalendario[Ano], ""0"")",,True,29325,30139,21/04/2026 22:53:41,20/04/2026 22:04:56,29/04/2026 00:57:41,2,False,0,,,,0,,,3a640870-c5bb-4a15-98b5-dd8332c2ddd6,
31355,31354,RowNumber-2662979B-1795-4F74-8F37-6A1BA8059B61,,6,19,,,True,1,True,True,False,1,-1,False,False,1,31377,3,,,,,True,,31356,21/04/2026 22:39:45,21/04/2026 22:39:45,31/12/1699 00:00:00,0,False,0,,,,0,,,,
31358,31354,Tipo,,2,19,,"[Papel: Atributo] Tipo institucional do órgão na rede de ouvidorias, usado para segmentar rankings e matrizes do IGRO. Exemplos esperados: Setorial, Adjunta, Inativa.",False,1,False,False,True,1,-1,False,False,2,31385,1,Tipo,,,,True,,31369,01/05/2026 18:20:14,21/04/2026 22:39:45,31/12/1699 00:00:00,0,False,0,,,,0,,,e4d4d6f5-3e35-45d5-a4f9-82a73e939877,
31359,31354,Grupo,,2,19,,"[Papel: Atributo] Agrupamento temático ou administrativo do órgão, usado para análises comparativas entre blocos institucionais.",False,1,False,False,True,1,-1,False,False,2,31389,1,Grupo,,,,True,,31370,01/05/2026 18:20:14,21/04/2026 22:39:45,31/12/1699 00:00:00,0,False,0,,,,0,,,a87138d4-1eb1-41ab-a71e-7fdc9bf2043f,
31360,31354,Classe,,2,19,,"[Papel: Atributo] Classe analítica do órgão no IGRO, usada para segmentar a matriz por complexidade, volume ou perfil operacional.",False,1,False,False,True,1,-1,False,False,2,31393,1,Classe,,,,True,,31371,01/05/2026 18:20:14,21/04/2026 22:39:45,31/12/1699 00:00:00,0,False,0,,,,0,,,dd9a4aab-d1f7-47a3-b982-9210ce52e7d9,
35074,31354,sigla,,2,19,,[Papel: Chave] Sigla do órgão ou entidade. Chave da dimensão dOrgao_igro e destino do relacionamento ativo com f_relatorio[sigla]. Também é propagada por TREATAS para f_pesquisa e f_insatisfatorias em medidas DAX.,False,1,False,False,True,1,-1,False,False,2,35077,1,sigla,,,,True,,35076,01/05/2026 18:20:14,21/04/2026 22:51:04,31/12/1699 00:00:00,0,False,0,,,,0,,,381b0822-aa09-4681-bcd8-b32d7423c2ce,
39065,39064,RowNumber-2662979B-1795-4F74-8F37-6A1BA8059B61,,6,19,,,True,1,True,True,False,1,-1,False,False,1,39141,3,,,,,True,,39066,29/04/2026 00:57:45,21/04/2026 22:53:41,31/12/1699 00:00:00,2,False,0,,,,0,,,,
39068,39064,,Date,9,9,PaddedDateTableDates,,True,1,False,False,True,1,-1,False,False,2,39145,4,[Date],,,General Date,True,,39129,29/04/2026 00:57:45,21/04/2026 22:53:41,31/12/1699 00:00:00,2,False,0,,,,0,,,ce4f382d-8414-4111-9c37-db9482ea33f1,
39069,39064,Ano,,6,6,Years,,True,1,False,False,True,1,-1,False,False,2,39149,2,,,YEAR([Date]),0,True,,39130,29/04/2026 00:57:45,21/04/2026 22:53:41,29/04/2026 00:57:45,2,False,0,,,,0,,,9170d874-8029-4cf3-bf36-eaf17df7d101,
39070,39064,MonthNo,,6,6,MonthOfYear,,True,1,False,False,True,1,-1,False,False,2,39153,2,,,MONTH([Date]),0,True,,39131,29/04/2026 00:57:45,21/04/2026 22:53:41,29/04/2026 00:57:45,2,False,0,,,,0,,,c137e107-a089-470b-b801-81adfe766dde,
39071,39064,Mês,,2,2,Months,,True,1,False,False,True,1,-1,False,False,2,39157,2,,,"FORMAT([Date], ""MMMM"")",,True,39070,39132,29/04/2026 00:57:45,21/04/2026 22:53:41,29/04/2026 00:57:45,2,False,0,,,,0,,,9394776a-7606-4057-84d2-bb54894b0af0,
39072,39064,QuarterNo,,6,6,QuarterOfYear,,True,1,False,False,True,1,-1,False,False,2,39161,2,,,INT(([MonthNo] + 2) / 3),0,True,,39133,29/04/2026 00:57:45,21/04/2026 22:53:41,29/04/2026 00:57:45,2,False,0,,,,0,,,d7aa9861-567b-42c0-9d9b-7cb4a5f5d158,
39073,39064,Trimestre,,2,2,Quarters,,True,1,False,False,True,1,-1,False,False,2,39165,2,,,"""Qtr "" & [QuarterNo]",,True,39072,39134,29/04/2026 00:57:45,21/04/2026 22:53:41,29/04/2026 00:57:45,2,False,0,,,,0,,,220c52a8-635b-45fd-9c67-b824ed2924ac,
39074,39064,Dia,,6,6,DayOfMonth,,True,1,False,False,True,1,-1,False,False,2,39169,2,,,DAY([Date]),0,True,,39135,29/04/2026 00:57:45,21/04/2026 22:53:41,29/04/2026 00:57:45,2,False,0,,,,0,,,e5e68e1c-911d-44e7-8513-af22a6388cec,
39488,39487,RowNumber-2662979B-1795-4F74-8F37-6A1BA8059B61,,6,19,,,True,1,True,True,False,1,-1,False,False,1,39532,3,,,,,True,,39489,29/04/2026 00:57:45,21/04/2026 22:53:45,31/12/1699 00:00:00,2,False,0,,,,0,,,,
39491,39487,,Date,9,9,PaddedDateTableDates,,True,1,False,False,True,1,-1,False,False,2,39536,4,[Date],,,General Date,True,,39520,29/04/2026 00:57:45,21/04/2026 22:53:45,31/12/1699 00:00:00,2,False,0,,,,0,,,2b71b0ba-9f7a-423a-a277-3d77648dde3f,
39492,39487,Ano,,6,6,Years,,True,1,False,False,True,1,-1,False,False,2,39540,2,,,YEAR([Date]),0,True,,39521,29/04/2026 00:57:45,21/04/2026 22:53:45,29/04/2026 00:57:45,2,False,0,,,,0,,,bdb90865-c85b-4eec-851b-f4136bcbb412,
39493,39487,MonthNo,,6,6,MonthOfYear,,True,1,False,False,True,1,-1,False,False,2,39544,2,,,MONTH([Date]),0,True,,39522,29/04/2026 00:57:45,21/04/2026 22:53:45,29/04/2026 00:57:45,2,False,0,,,,0,,,f90a019c-387a-4731-8207-6358c4c6072c,
39494,39487,Mês,,2,2,Months,,True,1,False,False,True,1,-1,False,False,2,39548,2,,,"FORMAT([Date], ""MMMM"")",,True,39493,39523,29/04/2026 00:57:45,21/04/2026 22:53:45,29/04/2026 00:57:45,2,False,0,,,,0,,,fb3f1ea7-96b6-4dc1-b8c3-06e4150c8738,
39495,39487,QuarterNo,,6,6,QuarterOfYear,,True,1,False,False,True,1,-1,False,False,2,39552,2,,,INT(([MonthNo] + 2) / 3),0,True,,39524,29/04/2026 00:57:45,21/04/2026 22:53:45,29/04/2026 00:57:45,2,False,0,,,,0,,,2223a703-9d5f-40c8-b5b0-6249088444e2,
39496,39487,Trimestre,,2,2,Quarters,,True,1,False,False,True,1,-1,False,False,2,39556,2,,,"""Qtr "" & [QuarterNo]",,True,39495,39525,29/04/2026 00:57:45,21/04/2026 22:53:45,29/04/2026 00:57:45,2,False,0,,,,0,,,368f3418-3f15-4b31-9881-ce616e1baf1d,
39497,39487,Dia,,6,6,DayOfMonth,,True,1,False,False,True,1,-1,False,False,2,39560,2,,,DAY([Date]),0,True,,39526,29/04/2026 00:57:45,21/04/2026 22:53:45,29/04/2026 00:57:45,2,False,0,,,,0,,,56fbaeaf-a458-4966-a573-9ce09de93570,
